{
  "name" : "HCMService",
  "type" : "NLPIntent",
  "intentParameters" : [ ],
  "exampleData" : [ {
    "sentence" : "update address",
    "exampleEntities" : [ ]
  }, {
    "sentence" : "get professor",
    "exampleEntities" : [ ]
  }, {
    "sentence" : "professors",
    "exampleEntities" : [ ]
  }, {
    "sentence" : "get my profile information",
    "exampleEntities" : [ ]
  }, {
    "sentence" : "check profile",
    "exampleEntities" : [ ]
  }, {
    "sentence" : "update email",
    "exampleEntities" : [ ]
  } ]
}