{
  "name" : "Location",
  "type" : "NLPIntent",
  "intentParameters" : [ ],
  "exampleData" : [ {
    "sentence" : "directions to the field",
    "exampleEntities" : [ ]
  }, {
    "sentence" : "where is the library",
    "exampleEntities" : [ ]
  }, {
    "sentence" : "where is north garage",
    "exampleEntities" : [ ]
  }, {
    "sentence" : "take me to the library",
    "exampleEntities" : [ ]
  }, {
    "sentence" : "take me to university field",
    "exampleEntities" : [ ]
  }, {
    "sentence" : "take me to science building",
    "exampleEntities" : [ ]
  }, {
    "sentence" : "where is saas hall",
    "exampleEntities" : [ ]
  }, {
    "sentence" : "find me",
    "exampleEntities" : [ ]
  }, {
    "sentence" : "directions to recreation center",
    "exampleEntities" : [ ]
  }, {
    "sentence" : "take me to recreation center",
    "exampleEntities" : [ ]
  }, {
    "sentence" : "where is the field",
    "exampleEntities" : [ ]
  }, {
    "sentence" : "find me the north garage",
    "exampleEntities" : [ ]
  }, {
    "sentence" : "directions to university commons",
    "exampleEntities" : [ ]
  }, {
    "sentence" : "where is  building",
    "exampleEntities" : [ ]
  }, {
    "sentence" : "where is the recreation center",
    "exampleEntities" : [ ]
  }, {
    "sentence" : "where is the health school",
    "exampleEntities" : [ ]
  }, {
    "sentence" : "take me to south garage",
    "exampleEntities" : [ ]
  }, {
    "sentence" : "find me the saas hall",
    "exampleEntities" : [ ]
  }, {
    "sentence" : "directions to the hall",
    "exampleEntities" : [ ]
  }, {
    "sentence" : "I want to go to the library",
    "exampleEntities" : [ ]
  }, {
    "sentence" : "find me the building",
    "exampleEntities" : [ ]
  }, {
    "sentence" : "directions to the garage",
    "exampleEntities" : [ ]
  }, {
    "sentence" : "i want to go to  university commons",
    "exampleEntities" : [ ]
  }, {
    "sentence" : "i want to go to the university field",
    "exampleEntities" : [ ]
  }, {
    "sentence" : "find me the library",
    "exampleEntities" : [ ]
  }, {
    "sentence" : "i want to go to go to north garage",
    "exampleEntities" : [ ]
  }, {
    "sentence" : "directions to the building",
    "exampleEntities" : [ ]
  }, {
    "sentence" : "directions to the library",
    "exampleEntities" : [ ]
  }, {
    "sentence" : "i want to go to go to saas hall",
    "exampleEntities" : [ ]
  }, {
    "sentence" : "where",
    "exampleEntities" : [ ]
  } ]
}