{
    "apiVersion": "18.2.3",
    "apis": [
        {
            "description": "Components context root",
            "operations": [
                {
                    "method": "GET",
                    "nickname": "GET",
                    "notes": "Components metadata retrieval",
                    "parameters": [],
                    "produces": [
                        "application/json"
                    ],
                    "responseMessages": [
                        {
                            "code": 200,
                            "example": "{\n  \"version\": \"1.1\",\n  \"components\": [\n    {\n      \"name\": \"AgeChecker\",\n      \"properties\": {\n        \"minAge\": {\n          \"type\": \"integer\",\n          \"required\": true\n        }\n      },\n      \"supportedActions\": [\n        \"allow\",\n        \"block\"\n      ]\n    }\n  ]\n}\n"
                        }
                    ],
                    "summary": "Metadata",
                    "type": "void"
                }
            ],
            "path": "/components"
        },
        {
            "description": "Component invocation",
            "operations": [
                {
                    "consumes": [
                        "application/json"
                    ],
                    "method": "POST",
                    "nickname": "POST",
                    "notes": "Invoke the named component",
                    "parameters": [
                        {
                            "allowMultiple": false,
                            "description": "Name of the component",
                            "name": "componentName",
                            "paramType": "path",
                            "required": true,
                            "type": "string"
                        },
                        {
                            "name": "body",
                            "paramType": "body",
                            "type": "string"
                        }
                    ],
                    "produces": [
                        "application/json"
                    ],
                    "responseMessages": [
                        {
                            "code": 200
                        }
                    ],
                    "type": "void"
                }
            ],
            "path": "/components/{componentName}"
        }
    ],
    "basePath": "/mobile/custom/WorkshopPizzaBot",
    "info": {
        "description": ".",
        "title": "WorkshopPizzaBot"
    },
    "models": {},
    "swaggerVersion": "1.2"
}