{
  "name" : "Facilities",
  "type" : "ENUMVALUES",
  "enumValues" : [ {
    "canonicalName" : "mckeldin%20Library",
    "synonyms" : [ "library", "lib", "Gen Library", "Gen lib" ]
  }, {
    "canonicalName" : "morill%20Hall",
    "synonyms" : [ "Gen Hall", "G Hall", "ghall" ]
  }, {
    "canonicalName" : "Susquehanna%20Hall",
    "synonyms" : [ "Sass Hall", "Sasshall", "shall", "s hall" ]
  }, {
    "canonicalName" : "Symons%20Hall",
    "synonyms" : [ "Iaas Hall", "iass", "iaashall" ]
  }, {
    "canonicalName" : "Taliaferro%20hall",
    "synonyms" : [ "Integrations Hall", "integ hall", "integhall" ]
  }, {
    "canonicalName" : "Tawes%20hall",
    "synonyms" : [ "Analytics Hall", "analytics", "ahall" ]
  }, {
    "canonicalName" : "Turner%20hall",
    "synonyms" : [ "Security Hall", "securities", "securehall", "secure hall" ]
  }, {
    "canonicalName" : "public%20health%20school",
    "synonyms" : [ "Gen School of health", "health school", "hschool" ]
  }, {
    "canonicalName" : "memorial%20chapel",
    "synonyms" : [ "Gen Chapel", "gchapel", "chapel" ]
  }, {
    "canonicalName" : "Van%20Munching%20hall",
    "synonyms" : [ "App Dev Hall", "appdev", "app hall" ]
  }, {
    "canonicalName" : "university%20commons",
    "synonyms" : [ "university commons", "gen u commons" ]
  }, {
    "canonicalName" : "Woods%20hall",
    "synonyms" : [ "Reston Hub Hall", "reston hall", "rhhall" ]
  }, {
    "canonicalName" : "ellicot%20hall",
    "synonyms" : [ "santa hall", "santa monica hub hall", "smhhall" ]
  }, {
    "canonicalName" : "Samuel%20Riggs%20IV%20Alumni%20Center",
    "synonyms" : [ "alumni center", "Gen U alumni center" ]
  }, {
    "canonicalName" : "Potomac%20building",
    "synonyms" : [ "Rsearch & Development Building", "Rd bldg", "r&d" ]
  }, {
    "canonicalName" : "Severn%20building",
    "synonyms" : [ "Cloud Building", "cloud bldg", "cbldg" ]
  }, {
    "canonicalName" : "Biomolecular%20Sciences%20building",
    "synonyms" : [ "Science buildng", "science bldg", "science" ]
  }, {
    "canonicalName" : "Preinkert%20Field%20house",
    "synonyms" : [ "field house", "fhouse", "university field house", "gen field house" ]
  }, {
    "canonicalName" : "Bioscience%20Research%20building",
    "synonyms" : [ "Innovations Building", "innovation", "inovate bldg", "innovate" ]
  }, {
    "canonicalName" : "Adele%20H%20Stamp%20Student%20union",
    "synonyms" : [ "student union", "student center", "gen u student center" ]
  }, {
    "canonicalName" : "Eppley%20recreation%20center",
    "synonyms" : [ "Rec Center", "recreation center", "recreation", "rec" ]
  }, {
    "canonicalName" : "union%20lane%20garage",
    "synonyms" : [ "North Garage", "ngarage" ]
  }, {
    "canonicalName" : "Capital+One+Field+at+Byrd+Stadium",
    "synonyms" : [ "field", "University field", "Gen u field" ]
  }, {
    "canonicalName" : "Manufacturing%20building",
    "synonyms" : [ "production building", "production", "produce bldg" ]
  }, {
    "canonicalName" : "Regents%20Drive%20garage",
    "synonyms" : [ "south garage", "sgarage" ]
  }, {
    "canonicalName" : "xfinity%20center",
    "synonyms" : [ "conference center", "ccenter", "main event" ]
  }, {
    "canonicalName" : "Clarice%20Smith%20Performing%20Arts%20Center",
    "synonyms" : [ "Arts Center", "Performing Arts Center", "theater" ]
  } ],
  "namedEntityRuleParams" : [ ],
  "prompts" : [ "Please enter Entity1" ]
}