{
  "name" : "UpdateFields",
  "description" : "field option which the user can update",
  "type" : "ENUMVALUES",
  "enumValues" : [ {
    "canonicalName" : "email",
    "synonyms" : null
  }, {
    "canonicalName" : "address",
    "synonyms" : null
  }, {
    "canonicalName" : "firstname",
    "synonyms" : null
  }, {
    "canonicalName" : "lastname",
    "synonyms" : null
  }, {
    "canonicalName" : "phone",
    "synonyms" : null
  } ],
  "namedEntityRuleParams" : [ ],
  "prompts" : [ "Please enter Entity1" ]
}